Area statistica,N contribuenti,Reddito imponibile ai fini irpef
Aeroporto,337,6813871
Agucchi,3102,61365790
Arcoveggio,8003,159279198
Bargellino,72,1474510
Battindarno,6915,144365767
Beverara,5406,112633200
Bitone,7967,165920954
Borgo Centro,5701,111810546
CAAB,198,4151030
Cadriano-Calamosco,514,12713117
Canale di Reno,4885,113483627
Caserme Rosse-Manifattura,1545,30134505
Casteldebole,3971,81955924
Cavedone,2298,45323922
Chiesanuova,5387,143009266
Cirenaica,6672,158872752
CNR,38,1047811
Corelli,6770,154877774
Croce Coperta,4428,98077905
Croce del Biacco,2937,57892656
Dagnini,7128,177427560
Ducati-Villaggio Ina,2567,50256144
Due Madonne,2158,46852203
Emilia Ponente,6666,146453516
Ex Mercato Ortofrutticolo,361,6951841
Fiera,15,333335
Fossolo,6828,178170704
Galvani-1,1299,63960962
Galvani-2,8145,296090528
Giardini Margherita,21,1562513
Guelfa,4966,105433032
Irnerio-1,2678,98537858
Irnerio-2,7414,215454433
La Birra,1450,29709902
La Dozza,1074,25587053
La Noce,1152,24162771
Laghetti del Rosario,307,8556576
Lavino di Mezzo,305,6207650
Lazzaretto,306,4992862
Lungo Reno,7,107923
Lungo Savena,59,1285230
Malpighi-1,1363,62080296
Malpighi-2,7756,223374435
Marconi-1,1598,63943854
Marconi-2,9080,272867365
Mengoli,7586,192575187
Mezzofanti,5266,199544594
Michelino,3342,63132137
Monte Donato,1003,38501275
Mulino del Gomito,351,5900443
Ospedale Bellaria,124,2681081
Ospedale Sant Orsola,82,1175224
Osservanza,3027,122689218
Paderno,1010,52208852
Pescarola,3482,68462161
Piazza dell Unita,7196,142212283
Pilastro,5136,88218138
Ponte Savena-La Bastia,1009,23042848
Pontevecchio,3821,81711176
Prati di Caprara-Ospedale Maggiore,331,8402409
Ravone,895,34366909
Rigosa,800,19524095
Roveri,433,12367060
San Donnino,2310,47736249
San Giuseppe,4631,161970273
San Luca,420,22266685
San Michele in Bosco,1522,74474435
San Savino,6940,141707705
Savena Abbandonato,603,13099961
Scalo Merci San Donato,23,631836
Scalo Ravone,96,2459622
Scandellara,438,10594744
Siepelunga,3241,150814029
Stadio-Meloncello,2710,74424434
Stradelli Guelfi,144,3688736
Tiro A Segno,109,2432996
Triumvirato-Pietra,3541,73470729
Velodromo,4498,97136334
Via Arno,5900,138435704
Via del Genio,13,550182
Via del Lavoro,5655,115314551
Via del Vivaio,509,9442049
Via Ferrarese,7906,156059174
Via Larga,1512,43392704
Via Mondo,6133,119905225
Via Toscana,7213,181502918
Via Vittorio Veneto,3999,88735225
Villaggio della Barca,4192,73754461
XXI Aprile,9664,241529213
Zanardi,4602,102368772
